Group,Mean,CI_Lower,CI_Upper
High Spend & High Traffic,2222.948642144158,1946.8619322277711,2512.1576256051853
Low Spend & Low Traffic,1014.7205523068972,818.7317385343274,1177.2052506425962
